pid,name
1,Gayle Ader
2,Hester Autin
3,Margarito Lindstrom
4,Leontine Dales
5,Kara Worrell
6,Joya Eiland
7,Gertrud Santacruz
8,Denna Slabaugh
9,Elane Stickles
10,Sherril Howe
11,Soledad Stanback
12,Rosendo Brothers
13,Glynda Gathright
14,Crista Tawil
15,Eldridge Larocca
16,Hisako Cage
17,Effie Cooksey
18,Bunny Tramble
19,Florene Sheth
20,Ouida Mcmillion
21,Shemeka Gold
22,Kellie Ussery
23,Rhett Culbertson
24,Emely Kessinger
25,Diedre Spano
26,Samuel Manos
27,Delcie Erick
28,Lyndia Polanco
29,Ryan Kjos
30,Sanjuana Whitehorn
31,Suzann Rexroat
32,Lyndsay Champney
33,Marina Stiller
34,Racheal Egli
35,Lorna Rambert
36,Cordia Neumann
37,Misti Schlabach
38,Mandi Burruss
39,Allan Nystrom
40,Alethea Thoms
41,Anette Souder
42,Luella Danielsen
43,Gilma Wareham
44,Roscoe Burchette
45,Aurelio Julius
46,Collin Amato
47,Ebonie Mazur
48,Major Depaolo
49,Madison Tiemann
50,Otelia Schlichting
